<Event ID="Valentines Event" Active="14 Feb 2005-16 Feb 2005">
	<Droplist>
		<AllDrop Items="4209-4217"
			Count="1,1"
			Chance="5%">
		</AllDrop>
	</Droplist>
	<Message 
		Type="OnJoin"
		Msg="Valentine's Event:\nCollect all 9 Hearts Blocks to recieve a reward!!\n(Quest Item.. All monster's have a chance to drop.)">
	</Message>
	<Npc ID="12371">
		<Condition>
			<Inventory Items="4209-4217" Count="1" Operation=">="></Inventory>
		</Condition>
		<Take>
			<Item Items="4209-4217" Count="1" Type="OfEach"></Item>
		</Take>
		<Give>
			<Item ItemID="4625" Count="1"></Item>
			<Item ItemID="1540" Count="10"></Item>
			<Item ItemID="728" Count="10"></Item>
		</Give>
		<SystemMessage
			Msg="Congratulations. Receive your prize.">
		</SystemMessage>
	</Npc>
	<EventEnd>
		<Take From="AllPlayers">
			<Item ItemID="4209-4217"></Item>
		</Take>
	</EventEnd>
</Event>