<Event ID="L2 Day Event" Active="24 Dec 2006-26 Dec 2007"> 
   <Droplist> 
      <AllDrop Items="3875,3876,3877,3878,3879,3880,3881,3882,3883,3884,3885,3886,3887,3888" Count="1,1" Chance="2%" /> 
   </Droplist> 
   <Message Type="OnJoin" Msg="Event L2Day: Collect word NCSOFT, CHRONICLE, LINAGE II from characters, and receive reward at Event Manager" /> 
   <EventEnd> 
      <Take From="AllPlayers"> 
           <Item ItemID="3875-3888"></Item>
        </Take> 
     </EventEnd> 
</Event>